{
  "gateway": "external",
  "version": "1.0",
  "suffix": "valuation-hub/data-maintenance",
  "openApiSpec": "vh-datamaint-external.yml",
  "backends": {
    "bvt": {
      "type": "http",
      "uksUrl": "https://lvs-bvt-vh-datamaint-functionapp-ext-uks.azurewebsites.net/api",
      "ukwUrl": "https://lvs-bvt-vh-datamaint-functionapp-ext-ukw.azurewebsites.net/api",
      "appIdUri": "api://eng-vh-bvt-datamaint-functionapp-external"
    },
    "uat": {
      "type": "http",
      "uksUrl": "https://lvs-uat-vh-datamaint-functionapp-ext-uks.azurewebsites.net/api",
      "ukwUrl": "https://lvs-uat-vh-datamaint-functionapp-ext-ukw.azurewebsites.net/api",
      "appIdUri": "api://eng-vh-uat-datamaint-functionapp-external"
    }
  },
  "monitor": {
    "lbHealth": "serviceProvided",
    "health": "serviceProvided",
    "statisticsPrtg": "notAvailable"
  },
  "operations": [
    {
      "operationId": "getApiBrandsCustomassetsCustomstylescss",
      "security": {
        "type": "identityNoPermission",
        "identityTranslation": "disabled"
      }
    },
    {
      "operationId": "getApiBrands",
      "security": {
        "type": "identityNoPermission",
        "identityTranslation": "disabled"
      }
    },
    {
      "operationId": "postApiBrands",
      "security": {
        "type": "identityNoPermission",
        "identityTranslation": "disabled"
      }
    },
    {
      "operationId": "putApiBrands",
      "security": {
        "type": "identityNoPermission",
        "identityTranslation": "disabled"
      }
    },
    {
      "operationId": "postApiClientsExport",
      "security": {
        "type": "identityNoPermission",
        "identityTranslation": "disabled"
      }
    },
    {
      "operationId": "getApiConfigurationBookingInvitationOptions",
      "security": {
        "type": "identityNoPermission",
        "identityTranslation": "disabled"
      }
    },
    {
      "operationId": "getApiConfigurationGetConfigInspectionTypesGroup",
      "security": {
        "type": "identityNoPermission",
        "identityTranslation": "disabled"
      }
    },
    {
      "operationId": "getApiConfigurationGetConfigInspectionTypeSpnCodes",
      "security": {
        "type": "identityNoPermission",
        "identityTranslation": "disabled"
      }
    },
    {
      "operationId": "getApiExportgeographicareasByIdPostcodes",
      "security": {
        "type": "identityNoPermission",
        "identityTranslation": "disabled"
      }
    },
    {
      "operationId": "deleteApiGeographicareasByAreaId",
      "security": {
        "type": "identityNoPermission",
        "identityTranslation": "disabled"
      }
    },
    {
      "operationId": "getApiGeographicareasFindByAreaId",
      "security": {
        "type": "identityNoPermission",
        "identityTranslation": "disabled"
      }
    },
    {
      "operationId": "getApiGeographicareasByAreaIdPostcodes",
      "security": {
        "type": "identityNoPermission",
        "identityTranslation": "disabled"
      }
    },
    {
      "operationId": "getApiGeographicareasByGamIdReferences",
      "security": {
        "type": "identityNoPermission",
        "identityTranslation": "disabled"
      }
    },
    {
      "operationId": "getApiGroups",
      "security": {
        "type": "identityNoPermission",
        "identityTranslation": "disabled"
      }
    },
    {
      "operationId": "putApiGroups",
      "security": {
        "type": "identityNoPermission",
        "identityTranslation": "disabled"
      }
    },
    {
      "operationId": "postApiGroups",
      "security": {
        "type": "identityNoPermission",
        "identityTranslation": "disabled"
      }
    },
    {
      "operationId": "deleteApiGroups",
      "security": {
        "type": "identityNoPermission",
        "identityTranslation": "disabled"
      }
    },
    {
      "operationId": "getApiGroupsByGroupId",
      "security": {
        "type": "identityNoPermission",
        "identityTranslation": "disabled"
      }
    },
    {
      "operationId": "getApiGroupsRoles",
      "security": {
        "type": "identityNoPermission",
        "identityTranslation": "disabled"
      }
    },
    {
      "operationId": "deleteApiInspectiontypeById",
      "security": {
        "type": "identityNoPermission",
        "identityTranslation": "disabled"
      }
    },
    {
      "operationId": "getApiInspectiontypeGetInspectionByIdById",
      "security": {
        "type": "identityNoPermission",
        "identityTranslation": "disabled"
      }
    },
    {
      "operationId": "getApiMessages",
      "security": {
        "type": "identityNoPermission",
        "identityTranslation": "disabled"
      }
    },
    {
      "operationId": "putApiMessages",
      "security": {
        "type": "identityNoPermission",
        "identityTranslation": "disabled"
      }
    },
    {
      "operationId": "getApiMessagesUnseen",
      "security": {
        "type": "identityNoPermission",
        "identityTranslation": "disabled"
      }
    },
    {
      "operationId": "putApiMessagesSeen",
      "security": {
        "type": "identityNoPermission",
        "identityTranslation": "disabled"
      }
    },
    {
      "operationId": "deleteApiMessagesByMessageKey",
      "security": {
        "type": "identityNoPermission",
        "identityTranslation": "disabled"
      }
    },
    {
      "operationId": "getApiOrganisation",
      "security": {
        "type": "identityNoPermission",
        "identityTranslation": "disabled"
      }
    },
    {
      "operationId": "putApiOrganisation",
      "security": {
        "type": "identityNoPermission",
        "identityTranslation": "disabled"
      }
    },
    {
      "operationId": "getApiPermissionsByClaimValue",
      "security": {
        "type": "identityNoPermission",
        "identityTranslation": "disabled"
      }
    },
    {
      "operationId": "getApiPostcodesFragmentsByPostcodeFragments",
      "security": {
        "type": "identityNoPermission",
        "identityTranslation": "disabled"
      }
    },
    {
      "operationId": "getApiSurveyors",
      "security": {
        "type": "identityNoPermission",
        "identityTranslation": "disabled"
      }
    },
    {
      "operationId": "postApiSurveyorsExport",
      "security": {
        "type": "identityNoPermission",
        "identityTranslation": "disabled"
      }
    },
    {
      "operationId": "getApiSurveyorsGetSurveyorAbsencesBySurveyorId",
      "security": {
        "type": "identityNoPermission",
        "identityTranslation": "disabled"
      }
    },
    {
      "operationId": "getApiSurveyorsGetSurveyorOfficeByOfficeId",
      "security": {
        "type": "identityNoPermission",
        "identityTranslation": "disabled"
      }
    },
    {
      "operationId": "getApiSurveyorsGetAllSurveyorOffice",
      "security": {
        "type": "identityNoPermission",
        "identityTranslation": "disabled"
      }
    },
    {
      "operationId": "getApiSurveyorsGetSurveyorByCodeBySurveyorCode",
      "security": {
        "type": "identityNoPermission",
        "identityTranslation": "disabled"
      }
    },
    {
      "operationId": "getApiSurveyorsGetSurveyorBySurveyorId",
      "security": {
        "type": "identityNoPermission",
        "identityTranslation": "disabled"
      }
    },
    {
      "operationId": "getApiSurveyorsGetSurveyorsByTextBySearchText",
      "security": {
        "type": "identityNoPermission",
        "identityTranslation": "disabled"
      }
    },
    {
      "operationId": "postApiSurveyorsCreateSurveyorOffice",
      "security": {
        "type": "identityNoPermission",
        "identityTranslation": "disabled"
      }
    },
    {
      "operationId": "postApiSurveyorsCreateSurveyor",
      "security": {
        "type": "identityNoPermission",
        "identityTranslation": "disabled"
      }
    },
    {
      "operationId": "getApiTemporaryshiftGetSurveyorBySurveyorCode",
      "security": {
        "type": "identityNoPermission",
        "identityTranslation": "disabled"
      }
    },
    {
      "operationId": "postApiTemporaryshiftBySurveyorIdSaveTemporaryShift",
      "security": {
        "type": "identityNoPermission",
        "identityTranslation": "disabled"
      }
    },
    {
      "operationId": "postApiTemporaryshiftDeleteTemporaryShift",
      "security": {
        "type": "identityNoPermission",
        "identityTranslation": "disabled"
      }
    },
    {
      "operationId": "postApiTemporaryshiftCheckForOverlap",
      "security": {
        "type": "identityNoPermission",
        "identityTranslation": "disabled"
      }
    },
    {
      "operationId": "getApiUsersGetbrands",
      "security": {
        "type": "identityNoPermission",
        "identityTranslation": "disabled"
      }
    },
    {
      "operationId": "getApiUsersGetgroups",
      "security": {
        "type": "identityNoPermission",
        "identityTranslation": "disabled"
      }
    },
    {
      "operationId": "getApiUsersGetorganisation",
      "security": {
        "type": "identityNoPermission",
        "identityTranslation": "disabled"
      }
    },
    {
      "operationId": "getApiUsersByUserId",
      "security": {
        "type": "identityNoPermission",
        "identityTranslation": "disabled"
      }
    },
    {
      "operationId": "postApiUsers",
      "security": {
        "type": "identityNoPermission",
        "identityTranslation": "disabled"
      }
    },
    {
      "operationId": "putApiUsers",
      "security": {
        "type": "identityNoPermission",
        "identityTranslation": "disabled"
      }
    },
    {
      "operationId": "putApiUsersByUserIdDeactivate",
      "security": {
        "type": "identityNoPermission",
        "identityTranslation": "disabled"
      }
    },
    {
      "operationId": "putApiUsersByUserIdActivate",
      "security": {
        "type": "identityNoPermission",
        "identityTranslation": "disabled"
      }
    },
    {
      "operationId": "putApiUsersByUserIdEnablesuperadmin",
      "security": {
        "type": "identityNoPermission",
        "identityTranslation": "disabled"
      }
    },
    {
      "operationId": "putApiUsersByUserIdDisablesuperadmin",
      "security": {
        "type": "identityNoPermission",
        "identityTranslation": "disabled"
      }
    },
    {
      "operationId": "postApiUsersExport",
      "security": {
        "type": "identityNoPermission",
        "identityTranslation": "disabled"
      }
    },
    {
      "operationId": "putApiUsersByUserIdResetgoogleauth",
      "security": {
        "type": "identityNoPermission",
        "identityTranslation": "disabled"
      }
    },
    {
      "operationId": "getApiBrandsCurrent",
      "security": {
        "type": "identityNoPermission",
        "identityTranslation": "disabled"
      }
    }
  ]
}