{
  "gateway": "internal",
  "version": "1.0",
  "suffix": "valuation-hub/data-maintenance",
  "openApiSpec": "vh-datamaint-internal.yml",
  "backends": {
    "bvt": {
      "type": "http",
      "uksUrl": "https://lvs-bvt-vh-datamaint-functionapp-int-uks.azurewebsites.net/api",
      "ukwUrl": "https://lvs-bvt-vh-datamaint-functionapp-int-ukw.azurewebsites.net/api",
      "appIdUri": "api://eng-vh-bvt-datamaint-functionapp-internal"
    },
    "uat": {
      "type": "http",
      "uksUrl": "https://lvs-uat-vh-datamaint-functionapp-int-uks.azurewebsites.net/api",
      "ukwUrl": "https://lvs-uat-vh-datamaint-functionapp-int-ukw.azurewebsites.net/api",
      "appIdUri": "api://eng-vh-uat-datamaint-functionapp-internal"
    }
  },
  "monitor": {
    "lbHealth": "serviceProvided",
    "health": "serviceProvided",
    "statisticsPrtg": "notAvailable"
  },
  "operations": [
    {
      "operationId": "deleteApiGeographicareasByAreaId",
      "security": {
        "type": "identityWithPermission",
        "permission": "internal:vh:datamaint:geographicareas-by-area-id:delete"
      }
    },
    {
      "operationId": "getApiGeographicareasByAreaIdPostcodes",
      "security": {
        "type": "identityWithPermission",
        "permission": "internal:vh:datamaint:geographicareas-by-area-id-postcodes:list"
      }
    },
    {
      "operationId": "getApiGeographicareasFindByAreaId",
      "security": {
        "type": "identityWithPermission",
        "permission": "internal:vh:datamaint:geographicareas-find-by-area-id:list"
      }
    },
    {
      "operationId": "getApiGeographicareasFindByPostcodePartByAreaId",
      "security": {
        "type": "identityWithPermission",
        "permission": "internal:vh:datamaint:geographicareas-find-by-postcode-part-by-area-id:list"
      }
    },
    {
      "operationId": "getApiGroups",
      "security": {
        "type": "identityWithPermission",
        "permission": "internal:vh:datamaint:groups:read"
      }
    },
    {
      "operationId": "putApiGroups",
      "security": {
        "type": "identityWithPermission",
        "permission": "internal:vh:datamaint:groups:replace"
      }
    },
    {
      "operationId": "deleteApiGroupsByGroupId",
      "security": {
        "type": "identityWithPermission",
        "permission": "internal:vh:datamaint:groups-by-group-id:delete"
      }
    },
    {
      "operationId": "deleteApiMessagesByMessageKey",
      "security": {
        "type": "identityWithPermission",
        "permission": "internal:vh:datamaint:messages-by-message-key:delete"
      }
    },
    {
      "operationId": "putApiOfficeById",
      "security": {
        "type": "identityWithPermission",
        "permission": "internal:vh:datamaint:office-by-id:replace"
      }
    },
    {
      "operationId": "getApiPostcodesFragmentsByPostcodeFragments",
      "security": {
        "type": "identityWithPermission",
        "permission": "internal:vh:datamaint:postcodes-fragments-by-postcode-fragments:list"
      }
    },
    {
      "operationId": "deleteApiPublicholidays",
      "security": {
        "type": "identityWithPermission",
        "permission": "internal:vh:datamaint:publicholidays:delete"
      }
    },
    {
      "operationId": "getApiSurveyorBySurveyorIdDeleteBySurveyorAbsenceId",
      "security": {
        "type": "identityWithPermission",
        "permission": "internal:vh:datamaint:surveyor-by-surveyor-id-delete-by-surveyor-absence-id:read"
      }
    },
    {
      "operationId": "postApiSurveyorBySurveyorIdTemporaryshiftsByTemporaryShiftId",
      "security": {
        "type": "identityWithPermission",
        "permission": "internal:vh:datamaint:surveyor-by-surveyor-id-temporaryshifts-by-temporary-shift-id:create"
      }
    },
    {
      "operationId": "getApiSurveyorBySurveyorIdIsSurveyorAbsenceOverlaps",
      "security": {
        "type": "identityWithPermission",
        "permission": "internal:vh:datamaint:surveyor-by-surveyor-id-is-surveyor-absence-overlaps:read"
      }
    },
    {
      "operationId": "postApiCalculatesurveyorriskauditscores",
      "security": {
        "type": "identityWithPermission",
        "permission": "internal:vh:datamaint:calculatesurveyorriskauditscores:create"
      }
    },
    {
      "operationId": "putApiUsersByUserIdActivate",
      "security": {
        "type": "identityWithPermission",
        "permission": "internal:vh:datamaint:users-by-user-id-activate:replace"
      }
    },
    {
      "operationId": "putApiUsersByUserIdDeactivate",
      "security": {
        "type": "identityWithPermission",
        "permission": "internal:vh:datamaint:users-by-user-id-deactivate:replace"
      }
    },
    {
      "operationId": "putApiUsersByUserIdResetgoogleauth",
      "security": {
        "type": "identityWithPermission",
        "permission": "internal:vh:datamaint:users-by-user-id-resetgoogleauth:replace"
      }
    },
    {
      "operationId": "getApiUsersSuperadminIssuperadminByUserId",
      "security": {
        "type": "identityWithPermission",
        "permission": "internal:vh:datamaint:users-superadmin-issuperadmin-by-user-id:read"
      }
    },
    {
      "operationId": "getApiBrandsCurrent",
      "security": {
        "type": "identityWithPermission",
        "permission": "internal:vh:datamaint:brands-current:read"
      }
    }
  ]
}