{
  "gateway": "external",
  "version": "1.0",
  "suffix": "valuation-hub/management-info",
  "openApiSpec": "vh-mgmtinfo-external.yml",
  "backends": {
    "bvt": {
      "type": "http",
      "uksUrl": "https://lvs-bvt-vh-mgmtinfo-functionapp-ext-uks.azurewebsites.net/api",
      "ukwUrl": "https://lvs-bvt-vh-mgmtinfo-functionapp-ext-ukw.azurewebsites.net/api",
      "appIdUri": "api://eng-vh-bvt-mgmtinfo-functionapp-external"
    },
    "uat": {
      "type": "http",
      "uksUrl": "https://lvs-uat-vh-mgmtinfo-functionapp-ext-uks.azurewebsites.net/api",
      "ukwUrl": "https://lvs-uat-vh-mgmtinfo-functionapp-ext-ukw.azurewebsites.net/api",
      "appIdUri": "api://eng-vh-uat-mgmtinfo-functionapp-external"
    }
  },
  "monitor": {
    "lbHealth": "serviceProvided",
    "health": "serviceProvided",
    "statisticsPrtg": "notAvailable"
  },
  "operations": [
    {
      "operationId": "postApiLoginAuditlogin",
      "security": {
        "type": "identityNoPermission",
        "identityTranslation": "disabled"
      }
    },
    {
      "operationId": "postApiLoginAuditlogout",
      "security": {
        "type": "identityNoPermission",
        "identityTranslation": "disabled"
      }
    },
    {
      "operationId": "getApiMessage",
      "security": {
        "type": "identityNoPermission",
        "identityTranslation": "disabled"
      }
    },
    {
      "operationId": "postApiMessage",
      "security": {
        "type": "identityNoPermission",
        "identityTranslation": "disabled"
      }
    },
    {
      "operationId": "getApiPermissionsByClaimValue",
      "security": {
        "type": "identityNoPermission",
        "identityTranslation": "disabled"
      }
    }
  ]
}