{
  "$schema": "https://json-schema.org/draft-07/schema#",
  "definitions": {
    "operationIdType": {
      "title": "operationId of the matching operation in the Open API specification",
      "type": "string",
      "maxLength": 76,
      "pattern": "^[a-zA-Z0-9][a-zA-Z0-9-]*[a-zA-Z0-9]$"
    },
    "jwtQueryStringParamType": {
      "title": "Name used for query param to declare a json Web Token",
      "type": "string",
      "$comment": "NB each allowed name must be added to the WAF exclusions see HUB-380",
      "enum": [
        "access_token"
      ]
    },
    "jwtPinIdUsageLimitType": {
      "title": "Rate limit for JWT PinId claim usage over lifetime of token",
      "type": "number",
      "minimum": 1,
      "maximum": 100
    },
    "ipAddressPerMinuteLimitType": {
      "title": "Rate Limit for IP Address usage over a one minute period",
      "type": "number",
      "enum": [
        20,
        40,
        60,
        80,
        100,
        120,
        180
      ]
    },
    "identityRateLimitType": {
      "type": "object",
      "properties": {
        "jwtPinIdUsageLimit": {
          "$ref": "#/definitions/jwtPinIdUsageLimitType"
        },
        "ipAddressPerMinuteLimit": {
          "$ref": "#/definitions/ipAddressPerMinuteLimitType"
        }
      },
      "additionalProperties": false
    },
    "anonymousRateLimitType": {
      "type": "object",
      "properties": {
        "ipAddressPerMinuteLimit": {
          "$ref": "#/definitions/ipAddressPerMinuteLimitType"
        }
      },
      "additionalProperties": false
    },
    "suffixType": {
      "title": "Path or suffix e.g helloWorld for 'http://xxx.com/helloWorld'. NOTE: this will also be used as the name of your API with slashes will be replaced by dashes. Can not be changed without an api delete in APIm as name is the key.",
      "type": "string",
      "maxLength": 70,
      "pattern": "^(?!.*\/\/)[a-zA-Z0-9][a-zA-Z0-9-\/]*[a-zA-Z0-9]$"
    },
    "openApiSpecType": {
      "title": "Open API specification file name",
      "type": "string",
      "pattern": "^[a-zA-Z0-9][a-zA-Z0-9-]*[a-zA-Z0-9]\\.[a-zA-Z0-9]+$"
    },
    "permissionsType": {
      "title": "Conform to naming convention. https://landmarkinfo.atlassian.net/wiki/spaces/SE/pages/1389789257/1.4.1+External+Entitlements https://landmarkinfo.atlassian.net/wiki/spaces/SE/pages/1389625537/1.4.2+Internal+Entitlements",
      "type": "string",
      "maxLength": 100,
      "pattern": "^[a-zA-Z0-9]+(:[a-zA-Z0-9][a-zA-Z0-9-]+)+$"
    },
    "gatewayEnum": {
      "type": "string",
      "enum": [
        "external",
        "internal"
      ]
    },
    "versionEnum": {
      "type": "string",
      "enum": [
        "1.0"
      ]
    },
    "backendEnum": {
      "type": "string",
      "enum": [
        "http"
      ]
    },
    "appIdUriType": {
      "title": "App ID URI for the App Registration associated with the service e.g. api://eng-apihub-bvt-helloworld",
      "type": "string",
      "pattern": "^api://eng-(.*)"
    },
    "backendType": {
      "type": "object",
      "properties": {
        "type": {
          "$ref": "#/definitions/backendEnum"
        },
        "uksUrl": {
          "title": "Full url to the service for UKS e.g. https://apihub-bvt-helloworld-uks.azure.net/api/helloWorld",
          "type": "string"
        },
        "ukwUrl": {
          "title": "Full url to the service for UKW e.g. https://apihub-bvt-helloworld-ukw.azure.net/api/helloWorld",
          "type": "string"
        },
        "appIdUri": {
          "$ref": "#/definitions/appIdUriType"
        }
      },
      "required": [
        "type"
      ],
      "if": {
        "properties": {
          "type": {
            "enum": [
              "http"
            ]
          }
        }
      },
      "then": {
        "required": [
          "uksUrl",
          "ukwUrl"
        ]
      }
    },
    "backendsType": {
      "type": "object",
      "properties": {
        "bvt": {
          "$ref": "#/definitions/backendType"
        },
        "uat": {
          "$ref": "#/definitions/backendType"
        },
        "prd": {
          "$ref": "#/definitions/backendType"
        }
      },
      "required": [
        "bvt"
      ],
      "dependencies": {
        "prd": [
          "uat"
        ],
        "uat": [
          "bvt"
        ]
      }
    },
    "lbHealthEnum": {
      "type": "string",
      "enum": [
        "serviceProvided",
        "mock"
      ]
    },
    "monitorEnum": {
      "type": "string",
      "enum": [
        "serviceProvided",
        "notAvailable"
      ]
    },
    "monitorType": {
      "type": "object",
      "properties": {
        "lbHealth": {
          "$ref": "#/definitions/lbHealthEnum"
        },
        "health": {
          "$ref": "#/definitions/monitorEnum"
        },
        "statisticsPrtg": {
          "$ref": "#/definitions/monitorEnum"
        }
      },
      "required": [
        "lbHealth",
        "statisticsPrtg",
        "health"
      ],
      "additionalProperties": false
    },
    "externalIdentityTranslationEnum": {
      "oneOf": [
        {
          "const": "disabled",
          "title": "No translation. Forward Authorization header as the X-Landmark-Authorization header"
        },
        {
          "const": "enabled",
          "title": "Translate the JWT subject from token in the Authorization header to X-Landmark-Caller-Id header"
        },
        {
          "const": "enableAndForwardAuthorization",
          "title": "Translate the JWT subject from token in the Authorization header to X-Landmark-Caller-Id header and forward Authorization header as the X-Landmark-Authorization header"
        }
      ]
    },
    "internalSecurityEnum": {
      "type": "string",
      "enum": [
        "identityWithPermission"
      ]
    },
    "externalSecurityEnum": {
      "type": "string",
      "enum": [
        "anonymous",
        "identityNoPermission",
        "identityWithPermission"
      ]
    },
    "internalSecurity": {
      "type": "object",
      "properties": {
        "type": {
          "$ref": "#/definitions/internalSecurityEnum"
        },
        "permission": {
          "$ref": "#/definitions/permissionsType"
        }
      },
      "required": [
        "type",
        "permission"
      ],
      "not": {
        "required": [
          "identityTranslation"
        ]
      }
    },
    "externalSecurity": {
      "type": "object",
      "properties": {
        "type": {
          "$ref": "#/definitions/externalSecurityEnum"
        },
        "identityTranslation": {
          "$ref": "#/definitions/externalIdentityTranslationEnum",
          "default": "enabled"
        },
        "jwtQueryStringParameter": {
          "$ref": "#/definitions/jwtQueryStringParamType"
        }
      },
      "if": {
        "properties": {
          "type": {
            "enum": [
              "anonymous"
            ]
          }
        }
      },
      "then": {
        "properties": {
          "rateLimit": {
            "$ref": "#/definitions/anonymousRateLimitType"
          }
        }
      },
      "else": {
        "properties": {
          "rateLimit": {
            "$ref": "#/definitions/identityRateLimitType"
          }
        }
      },
      "required": [
        "type"
      ],
      "oneOf": [
        {
          "properties": {
            "type": {
              "const": "anonymous"
            },
            "identityTranslation": {
              "const": "disabled"
            }
          },
          "not": {
            "anyOf": [
              {
                "required": [
                  "permission"
                ]
              },
              {
                "required": [
                  "jwtQueryStringParameter"
                ]
              }
            ]
          }
        },
        {
          "properties": {
            "type": {
              "const": "identityNoPermission"
            }
          },
          "not": {
            "required": [
              "permission"
            ]
          }
        },
        {
          "properties": {
            "type": {
              "const": "identityWithPermission"
            },
            "permission": {
              "$ref": "#/definitions/permissionsType"
            }
          },
          "required": [
            "permission"
          ]
        }
      ]
    },
    "operationItem": {
      "type": "object",
      "properties": {
        "operationId": {
          "$ref": "#/definitions/operationIdType"
        }
      },
      "required": [
        "operationId"
      ]
    },
    "internalOperationItem": {
      "allOf": [
        {
          "$ref": "#/definitions/operationItem"
        },
        {
          "properties": {
            "security": {
              "$ref": "#/definitions/internalSecurity"
            }
          },
          "required": [
            "security"
          ]
        }
      ]
    },
    "externalOperationItem": {
      "allOf": [
        {
          "$ref": "#/definitions/operationItem"
        },
        {
          "properties": {
            "security": {
              "$ref": "#/definitions/externalSecurity"
            }
          },
          "required": [
            "security"
          ]
        }
      ]
    }
  },
  "type": "object",
  "properties": {
    "gateway": {
      "$ref": "#/definitions/gatewayEnum"
    },
    "version": {
      "$ref": "#/definitions/versionEnum"
    },
    "suffix": {
      "$ref": "#/definitions/suffixType"
    },
    "openApiSpec": {
      "$ref": "#/definitions/openApiSpecType"
    },
    "backends": {
      "$ref": "#/definitions/backendsType"
    },
    "monitor": {
      "$ref": "#/definitions/monitorType"
    }
  },
  "if": {
    "properties": {
      "gateway": {
        "enum": [
          "external"
        ]
      }
    }
  },
  "then": {
    "properties": {
      "operations": {
        "type": "array",
        "items": {
          "$ref": "#/definitions/externalOperationItem"
        }
      }
    }
  },
  "else": {
    "properties": {
      "operations": {
        "type": "array",
        "items": {
          "$ref": "#/definitions/internalOperationItem"
        }
      }
    }
  },
  "required": [
    "version",
    "gateway",
    "suffix",
    "openApiSpec",
    "backends",
    "monitor",
    "operations"
  ]
}
