{
  "gateway": "external",
  "version": "1.0",
  "suffix": "leas-platform/application",
  "openApiSpec": "application.yml",
  "backends": {
    "bvt": {
      "type": "http",
      "uksUrl": "https://lmk-bvt-leas-api-func-ne.azurewebsites.net/api",
      "ukwUrl": "https://lmk-bvt-leas-api-func-ne.azurewebsites.net/api",
      "appIdUri": "api://eng-leas-bvt-platform-functionapp"
    },
    "uat": {
      "type": "http",
      "uksUrl": "https://lmk-uat-leas-api-func-ne.azurewebsites.net/api",
      "ukwUrl": "https://lmk-uat-leas-api-func-we.azurewebsites.net/api",
      "appIdUri": "api://eng-leas-uat-platform-functionapp"
    },
    "prd": {
      "type": "http",
      "uksUrl": "https://lmk-prd-leas-api-func-ne.azurewebsites.net/api",
      "ukwUrl": "https://lmk-prd-leas-api-func-we.azurewebsites.net/api",
      "appIdUri": "api://eng-leas-prd-platform-functionapp"
    }
  },
  "monitor": {
    "lbHealth": "mock",
    "health": "serviceProvided",
    "statisticsPrtg": "notAvailable"
  },
  "operations": [
    {
      "operationId": "get-config",
      "security": {
        "type": "identityWithPermission",
        "permission": "external:leas-platform:config:read",
        "identityTranslation": "enabled"
      }
    },
    {
      "operationId": "post-profile-accept-terms",
      "security": {
        "type": "identityWithPermission",
        "permission": "external:leas-platform:profile:update",
        "identityTranslation": "enabled"
      }
    },
    {
      "operationId": "get-profile",
      "security": {
        "type": "identityWithPermission",
        "permission": "external:leas-platform:profile:read",
        "identityTranslation": "enabled"
      }
    }
  ]
}
