{
  "version": "1.0",
  "gateway": "internal",
  "suffix": "accounts",
  "openApiSpec": "accounts.yml",
  "backends": {
    "bvt": {
      "type": "http",
      "uksUrl": "https://core-bvt-internal-account.lmkcloud.net/accounts",
      "ukwUrl": "https://core-bvt-internal-account.lmkcloud.net/accounts",
      "appIdUri": "api://eng-ea-bvt-group-account-int-herokuapp"
    },
    "uat": {
      "type": "http",
      "uksUrl": "https://core-uat-internal-account.lmkcloud.net/accounts",
      "ukwUrl": "https://core-uat-internal-account.lmkcloud.net/accounts",
      "appIdUri": "api://eng-core-uat-account-aws-internal"
    },
    "prd": {
      "type": "http",
      "uksUrl": "https://core-prd-internal-account.lmkcloud.net/accounts",
      "ukwUrl": "https://core-prd-internal-account.lmkcloud.net/accounts",
      "appIdUri": "api://eng-core-prd-account-aws-internal"
    }
  },
  "monitor": {
    "lbHealth": "serviceProvided",
    "health": "serviceProvided",
    "statisticsPrtg": "notAvailable"
  },
  "operations": [
    {
      "operationId": "association-create",
      "security": {
        "type": "identityWithPermission",
        "permission": "internal:accounts:associations:create"
      }
    },
    {
      "operationId": "association-delete",
      "security": {
        "type": "identityWithPermission",
        "permission": "internal:accounts:associations:delete"
      }
    },
    {
      "operationId": "association-read",
      "security": {
        "type": "identityWithPermission",
        "permission": "internal:accounts:associations:read"
      }
    },
    {
      "operationId": "association-update",
      "security": {
        "type": "identityWithPermission",
        "permission": "internal:accounts:associations:update"
      }
    },
    {
      "operationId": "branch-associations-list",
      "security": {
        "type": "identityWithPermission",
        "permission": "internal:accounts:branches:associations:list"
      }
    },
    {
      "operationId": "branch-users-list",
      "security": {
        "type": "identityWithPermission",
        "permission": "internal:accounts:branches:users:list"
      }
    },
    {
      "operationId": "branch-read",
      "security": {
        "type": "identityWithPermission",
        "permission": "internal:accounts:branches:read"
      }
    },
    {
      "operationId": "organisation-branches-list",
      "security": {
        "type": "identityWithPermission",
        "permission": "internal:accounts:organisations:branches:list"
      }
    },
    {
      "operationId": "organisation-read",
      "security": {
        "type": "identityWithPermission",
        "permission": "internal:accounts:organisations:read"
      }
    },
    {
      "operationId": "user-branches-list",
      "security": {
        "type": "identityWithPermission",
        "permission": "internal:accounts:users:branches:list"
      }
    },
    {
      "operationId": "user-read",
      "security": {
        "type": "identityWithPermission",
        "permission": "internal:accounts:users:read"
      }
    },
    {
      "operationId": "self-branches-list",
      "security": {
        "type": "identityWithPermission",
        "permission": "internal:accounts:self:branches:list"
      }
    },
    {
      "operationId": "self-read",
      "security": {
        "type": "identityWithPermission",
        "permission": "internal:accounts:self:read"
      }
    },
    {
      "operationId": "self-document-groups-list",
      "security": {
        "type": "identityWithPermission",
        "permission": "internal:accounts:self:document-groups:list"
      }
    },
    {
      "operationId": "invitation-update",
      "security": {
        "type": "identityWithPermission",
        "permission": "internal:accounts:invitations:update"
      }
    },
    {
      "operationId": "document-group-read",
      "security": {
        "type": "identityWithPermission",
        "permission": "internal:accounts:documents:group:read"
      }
    }
  ]
}
