{
  "version": "1.0",
  "gateway": "external",
  "suffix": "accounts",
  "openApiSpec": "accounts.yml",
  "backends": {
    "bvt": {
      "type": "http",
      "uksUrl": "https://core-bvt-external-account.lmkcloud.net/accounts",
      "ukwUrl": "https://core-bvt-external-account.lmkcloud.net/accounts",
      "appIdUri": "api://eng-ea-bvt-group-account-ext-herokuapp"
    },
    "uat": {
      "type": "http",
      "uksUrl": "https://core-uat-external-account.lmkcloud.net/accounts",
      "ukwUrl": "https://core-uat-external-account.lmkcloud.net/accounts",
      "appIdUri": "api://eng-core-uat-account-aws-external"
    },
    "prd": {
      "type": "http",
      "uksUrl": "https://core-prd-external-account.lmkcloud.net/accounts",
      "ukwUrl": "https://core-prd-external-account.lmkcloud.net/accounts",
      "appIdUri": "api://eng-core-prd-account-aws-external"
    }
  },
  "monitor": {
    "lbHealth": "serviceProvided",
    "health": "serviceProvided",
    "statisticsPrtg": "serviceProvided"
  },
  "operations": [
    {
      "operationId": "association-create",
      "security": {
        "type": "identityWithPermission",
        "permission": "external:accounts:associations:create",
        "identityTranslation": "enabled"
      }
    },
    {
      "operationId": "association-delete",
      "security": {
        "type": "identityWithPermission",
        "permission": "external:accounts:associations:delete",
        "identityTranslation": "enabled"
      }
    },
    {
      "operationId": "association-read",
      "security": {
        "type": "identityWithPermission",
        "permission": "external:accounts:associations:read",
        "identityTranslation": "enabled"
      }
    },
    {
      "operationId": "association-update",
      "security": {
        "type": "identityWithPermission",
        "permission": "external:accounts:associations:update",
        "identityTranslation": "enabled"
      }
    },
    {
      "operationId": "branch-associations-list",
      "security": {
        "type": "identityWithPermission",
        "permission": "external:accounts:branches:associations:list",
        "identityTranslation": "enabled"
      }
    },
    {
      "operationId": "branch-users-list",
      "security": {
        "type": "identityWithPermission",
        "permission": "external:accounts:branches:users:list",
        "identityTranslation": "enabled"
      }
    },
    {
      "operationId": "branch-read",
      "security": {
        "type": "identityWithPermission",
        "permission": "external:accounts:branches:read",
        "identityTranslation": "enabled"
      }
    },
    {
      "operationId": "organisation-branches-list",
      "security": {
        "type": "identityWithPermission",
        "permission": "external:accounts:organisations:branches:list",
        "identityTranslation": "enabled"
      }
    },
    {
      "operationId": "organisation-read",
      "security": {
        "type": "identityWithPermission",
        "permission": "external:accounts:organisations:read",
        "identityTranslation": "enabled"
      }
    },
    {
      "operationId": "user-branches-list",
      "security": {
        "type": "identityWithPermission",
        "permission": "external:accounts:users:branches:list",
        "identityTranslation": "enabled"
      }
    },
    {
      "operationId": "user-read",
      "security": {
        "type": "identityWithPermission",
        "permission": "external:accounts:users:read",
        "identityTranslation": "enabled"
      }
    },
    {
      "operationId": "self-branches-list",
      "security": {
        "type": "identityWithPermission",
        "permission": "external:accounts:self:branches:list",
        "identityTranslation": "enabled"
      }
    },
    {
      "operationId": "self-read",
      "security": {
        "type": "identityWithPermission",
        "permission": "external:accounts:self:read",
        "identityTranslation": "enabled"
      }
    }
  ]
}
