{
    "gateway": "internal",
    "version": "1.0",
    "suffix": "aml",
    "openApiSpec": "amlservice.yaml",
    "backends": {
        "bvt": {
            "type": "http",
            "uksUrl": "https://core-bvt-aml-service-functions-uks.azurewebsites.net/api/orders",
            "ukwUrl": "https://core-bvt-aml-service-functions-uks.azurewebsites.net/api/orders",
            "appIdUri": "api://eng-core-amlservice-bvt"
        },
        "uat": {
            "type": "http",
            "uksUrl": "https://core-uat-aml-service-functions-uks.azurewebsites.net/api/orders",
            "ukwUrl": "https://core-uat-aml-service-functions-ukw.azurewebsites.net/api/orders",
            "appIdUri": "api://eng-core-uat-amlservice"
        },
        "prd": {
            "type": "http",
            "uksUrl": "https://core-prd-aml-service-functions-uks.azurewebsites.net/api/orders",
            "ukwUrl": "https://core-prd-aml-service-functions-ukw.azurewebsites.net/api/orders",
            "appIdUri": "api://eng-core-prd-amlservice"
        }
    },
    "monitor": {
        "lbHealth": "mock",
        "health": "serviceProvided",
        "statisticsPrtg": "notAvailable"
    },
    "operations": [
        {
            "operationId": "amlOrderExecute",
            "security": {
                "type": "identityWithPermission",
                "permission": "internal:aml:create"
            }
        }
    ]
}