{
    "gateway": "internal",
    "version": "1.0",
    "suffix": "company-check-order",
    "openApiSpec": "company-check-order.yml",
    "backends": {
        "bvt": {
            "type": "http",
            "uksUrl": "https://core-bvt-companycheckorder-functionapp-int-uks.azurewebsites.net/api",
            "ukwUrl": "https://core-bvt-companycheckorder-functionapp-int-ukw.azurewebsites.net/api",
            "appIdUri": "api://eng-core-bvt-companycheckorder-functionapp-internal"
        },
        "uat": {
            "type": "http",
            "uksUrl": "https://core-uat-companycheckorder-functionapp-int-uks.azurewebsites.net/api",
            "ukwUrl": "https://core-uat-companycheckorder-functionapp-int-ukw.azurewebsites.net/api",
            "appIdUri": "api://eng-core-uat-companycheckorder-functionapp-internal"
        },
        "prd": {
            "type": "http",
            "uksUrl": "https://core-prd-companycheckorder-functionapp-int-uks.azurewebsites.net/api",
            "ukwUrl": "https://core-prd-companycheckorder-functionapp-int-ukw.azurewebsites.net/api",
            "appIdUri": "api://eng-core-prd-companycheckorder-functionapp-internal"
        }
    },
    "monitor": {
        "lbHealth": "serviceProvided",
        "health": "serviceProvided",
        "statisticsPrtg": "serviceProvided"
    },
    "operations": [
        {
            "operationId": "company-check-order-callback",
            "security": {
                "type": "identityWithPermission",
                "permission": "internal:company-check-order:results:create"
            }
        }
    ]
}