{
    "gateway": "external",
    "version": "1.0",
    "suffix": "company-check",
    "openApiSpec": "company-check.yml",
    "backends": {
        "bvt": {
            "type": "http",
            "uksUrl": "https://core-bvt-companycheck-functionapp-ext-uks.azurewebsites.net/api",
            "ukwUrl": "https://core-bvt-companycheck-functionapp-ext-ukw.azurewebsites.net/api",
            "appIdUri": "api://eng-core-bvt-companycheck-functionapp-external"
        },
        "uat": {
            "type": "http",
            "uksUrl": "https://core-uat-companycheck-functionapp-ext-uks.azurewebsites.net/api",
            "ukwUrl": "https://core-uat-companycheck-functionapp-ext-ukw.azurewebsites.net/api",
            "appIdUri": "api://eng-core-uat-companycheck-functionapp-external"
        },
        "prd": {
            "type": "http",
            "uksUrl": "https://core-prd-companycheck-functionapp-ext-uks.azurewebsites.net/api",
            "ukwUrl": "https://core-prd-companycheck-functionapp-ext-ukw.azurewebsites.net/api",
            "appIdUri": "api://eng-core-prd-companycheck-functionapp-external"
        }
    },
    "monitor": {
        "lbHealth": "serviceProvided",
        "health": "serviceProvided",
        "statisticsPrtg": "notAvailable"
    },
    "operations": [
        {
            "operationId": "company-check-callback",
            "security": {
                "type": "anonymous",
                "rateLimit": {
                    "ipAddressPerMinute": 40
                }
            }
        }
    ]
}
