{
	"gateway": "external",
	"version": "1.0",
	"suffix": "documents",
	"openApiSpec": "documents.yml",
	"backends": {
		"bvt": {
			"type": "http",
			"uksUrl": "https://core-bvt-document-functionapp-ext-uks.azurewebsites.net/api/documents",
			"ukwUrl": "https://core-bvt-document-functionapp-ext-ukw.azurewebsites.net/api/documents",
			"appIdUri": "api://eng-core-bvt-document-functionapp-external"
		},
		"uat": {
			"type": "http",
			"uksUrl": "https://core-uat-document-functionapp-ext-uks.azurewebsites.net/api/documents",
			"ukwUrl": "https://core-uat-document-functionapp-ext-ukw.azurewebsites.net/api/documents",
			"appIdUri": "api://eng-core-uat-document-functionapp-external"
		},
		"prd": {
			"type": "http",
			"uksUrl": "https://core-prd-document-functionapp-ext-uks.azurewebsites.net/api/documents",
			"ukwUrl": "https://core-prd-document-functionapp-ext-ukw.azurewebsites.net/api/documents",
			"appIdUri": "api://eng-core-prd-document-functionapp-external"
		}
	},
	"monitor": {
		"lbHealth": "serviceProvided",
		"health": "serviceProvided",
		"statisticsPrtg": "serviceProvided"
	},
	"operations": [
		{
			"operationId": "document-download",
			"security": {
				"type": "identityWithPermission",
				"permission": "external:documents:download:download",
				"identityTranslation": "enabled"
			}
		}
	]
}