{
	"gateway": "internal",
	"version": "1.0",
	"suffix": "documents",
	"openApiSpec": "documents.yml",
	"backends": {
		"bvt": {
			"type": "http",
			"uksUrl": "https://core-bvt-document-functionapp-int-uks.azurewebsites.net/api/documents",
			"ukwUrl": "https://core-bvt-document-functionapp-int-ukw.azurewebsites.net/api/documents",
			"appIdUri": "api://eng-core-bvt-document-functionapp-internal"
		},
		"uat": {
			"type": "http",
			"uksUrl": "https://core-uat-document-functionapp-int-uks.azurewebsites.net/api/documents",
			"ukwUrl": "https://core-uat-document-functionapp-int-ukw.azurewebsites.net/api/documents",
			"appIdUri": "api://eng-core-uat-document-functionapp-internal"
		},
		"prd": {
			"type": "http",
			"uksUrl": "https://core-prd-document-functionapp-int-uks.azurewebsites.net/api/documents",
			"ukwUrl": "https://core-prd-document-functionapp-int-ukw.azurewebsites.net/api/documents",
			"appIdUri": "api://eng-core-prd-document-functionapp-internal"
		}
	},
	"monitor": {
		"lbHealth": "serviceProvided",
		"health": "serviceProvided",
		"statisticsPrtg": "serviceProvided"
	},
	"operations": [
		{
			"operationId": "document-create",
			"security": {
				"type": "identityWithPermission",
				"permission": "internal:documents:create"
			}
		},
		{
			"operationId": "document-download",
			"security": {
				"type": "identityWithPermission",
				"permission": "internal:documents:download:download"
			}
		},
		{
			"operationId": "document-metadata-read",
			"security": {
				"type": "identityWithPermission",
				"permission": "internal:documents:metadata:read"
			}
		}
	]
}