{
	"version": "1.0",
	"gateway": "internal",
	"suffix": "entitlements",
	"openApiSpec": "entitlements.yml",
	"backends": {
		"bvt": {
			"type": "http",
			"uksUrl": "https://core-bvt-entitlement.lmkcloud.net/entitlements/",
			"ukwUrl": "https://core-bvt-entitlement.lmkcloud.net/entitlements/",
			"appIdUri": "api://eng-core-bvt-entitlement-aws-internal"
		},
		"uat": {
			"type": "http",
			"uksUrl": "https://core-uat-entitlement.lmkcloud.net/entitlements/",
			"ukwUrl": "https://core-uat-entitlement.lmkcloud.net/entitlements/",
			"appIdUri": "api://eng-core-uat-entitlement-aws-internal"
		},
		"prd": {
			"type": "http",
			"uksUrl": "https://core-prd-entitlement.lmkcloud.net/entitlements/",
			"ukwUrl": "https://core-prd-entitlement.lmkcloud.net/entitlements/",
			"appIdUri": "api://eng-core-prd-entitlement-aws-internal"
		}
	},
	"monitor": {
		"lbHealth": "serviceProvided",
		"health": "serviceProvided",
		"statisticsPrtg": "serviceProvided"
	},
	"operations": [
		{
			"operationId": "issueSelfToken",
			"security": {
				"type": "identityWithPermission",
				"permission": "internal:entitlements:self-token:create"
			}
		}
	]
}