{
    "gateway": "external",
    "version": "1.0",
    "suffix": "entitlements",
    "openApiSpec": "entitlements.yml",
    "backends": {
        "bvt": {
            "type": "http",
            "uksUrl": "https://core-bvt-entitlement.lmkcloud.net/entitlements/",
            "ukwUrl": "https://core-bvt-entitlement.lmkcloud.net/entitlements/",
            "appIdUri": "api://eng-core-bvt-entitlement-aws-external"
        },
        "uat": {
            "type": "http",
            "uksUrl": "https://core-uat-entitlement.lmkcloud.net/entitlements/",
            "ukwUrl": "https://core-uat-entitlement.lmkcloud.net/entitlements/",
            "appIdUri": "api://eng-core-uat-entitlement-aws-external"
        },
        "prd": {
            "type": "http",
            "uksUrl": "https://core-prd-entitlement.lmkcloud.net/entitlements/",
            "ukwUrl": "https://core-prd-entitlement.lmkcloud.net/entitlements/",
            "appIdUri": "api://eng-core-prd-entitlement-aws-external"
        }
    },
    "monitor": {
        "lbHealth": "serviceProvided",
        "health": "serviceProvided",
        "statisticsPrtg": "notAvailable"
    },
    "operations": [
        {
            "operationId": "getJwks",
            "security": {
                "type": "anonymous"
            }
        },
        {
            "operationId": "getOpenIdConfiguration",
            "security": {
                "type": "anonymous"
            }
        }
    ]
}