{
	"gateway": "internal",
	"version": "1.0",
	"suffix": "events",
	"openApiSpec": "events.yml",
	"backends": {
		"bvt": {
			"type": "http",
			"uksUrl": "https://core-bvt-event-functionapp-int-uks.azurewebsites.net/api/events",
			"ukwUrl": "https://core-bvt-event-functionapp-int-ukw.azurewebsites.net/api/events",
			"appIdUri": "api://eng-core-bvt-event-functionapp-internal"
		},
		"uat": {
			"type": "http",
			"uksUrl": "https://core-uat-event-functionapp-int-uks.azurewebsites.net/api/events",
			"ukwUrl": "https://core-uat-event-functionapp-int-ukw.azurewebsites.net/api/events",
			"appIdUri": "api://eng-core-uat-event-functionapp-internal"
		},
		"prd": {
			"type": "http",
			"uksUrl": "https://core-prd-event-functionapp-int-uks.azurewebsites.net/api/events",
			"ukwUrl": "https://core-prd-event-functionapp-int-ukw.azurewebsites.net/api/events",
			"appIdUri": "api://eng-core-prd-event-functionapp-internal"
		}
	},
	"monitor": {
		"lbHealth": "serviceProvided",
		"health": "serviceProvided",
		"statisticsPrtg": "serviceProvided"
	},
	"operations": [
		{
			"operationId": "event-create",
			"security": {
				"type": "identityWithPermission",
				"permission": "internal:events:create"
			}
		}
	]
}