{
  "version": "1.0",
  "gateway": "internal",   
  "suffix": "hellolmk",
  "openApiSpec": "hellolmk.yml",
  "backends": {
    "bvt": {
      "type": "http",
      "uksUrl": "https://apihub-bvt-hellolmk-uks.azurewebsites.net/api/hellolandmark",
      "ukwUrl": "https://apihub-bvt-hellolmk-ukw.azurewebsites.net/api/hellolandmark",
      "appIdUri": "api://eng-apihub-bvt-hellolmkinternal" 
    },
    "uat": {
      "type": "http",
      "uksUrl": "https://apihub-uat-hellolmk-uks.azurewebsites.net/api/hellolandmark",
      "ukwUrl": "https://apihub-uat-hellolmk-ukw.azurewebsites.net/api/hellolandmark",
      "appIdUri": "api://eng-apihub-uat-hellolmkinternal"
    }	
  },
  "monitor": {
    "lbHealth": "serviceProvided",
    "health": "serviceProvided",
    "statisticsPrtg": "serviceProvided"
  },
  "operations": [
    {
      "operationId": "addProduct",
      "security": {
        "type": "identityWithPermission",
        "permission": "internal:hellolmk:create"
      }
    },
    {
      "operationId": "updateProduct",
      "security": {
        "type": "identityWithPermission",
        "permission": "internal:hellolmk:update"
      }
    },
    {
      "operationId": "patchproduct",
      "security": {
        "type": "identityWithPermission",
        "permission": "internal:hellolmk:patch"
      }
    }
  ]
}