{
  "$schema": "..\\Schema\\apidefinition-schema-v1.0.json",
  "gateway": "external",
  "version": "1.0",
  "suffix": "helloWorld",
  "openApiSpec": "helloWorld.yml",
  "backends": {
    "bvt": {
      "type": "http",
      "uksUrl": "https://apihub-bvt-helloworld-uks.azurewebsites.net/api/helloworld",
      "ukwUrl": "https://apihub-bvt-helloworld-ukw.azurewebsites.net/api/helloworld",
      "appIdUri": "api://eng-apihub-bvt-helloworld-external"
    },
    "uat": {
      "type": "http",
      "uksUrl": "https://apihub-uat-helloworld-uks.azurewebsites.net/api/helloworld",
      "ukwUrl": "https://apihub-uat-helloworld-ukw.azurewebsites.net/api/helloworld",
      "appIdUri": "api://eng-apihub-uat-helloworld-external"
    }
  },
  "monitor": {
    "lbHealth": "serviceProvided",
    "health": "serviceProvided",
    "statisticsPrtg": "serviceProvided"
  },
  "operations": [
    {
      "operationId": "helloworld-read",
      "security": {
        "type": "anonymous",
        "identityTranslation": "disabled"
      }
    },
    {
      "operationId": "helloworld-create",
      "security": {
        "type": "identityNoPermission",
        "identityTranslation": "enableAndForwardAuthorization"
      }
    },
    {
      "operationId": "helloworld-replace",
      "security": {
        "type": "identityNoPermission",
        "identityTranslation": "enabled"
      }
    },
	{
		"operationId": "helloworld-create-callback",
		"security": {
			"type": "identityNoPermission",			
			"jwtQueryStringParameter": "access_token",
			"rateLimit": {
				"jwtPinIdUsageLimit":  1
			}
		}
	},
    {
      "operationId": "helloworld-read-details",
      "security": {
        "type": "identityWithPermission",
        "permission": "external:helloworld:details:read",
        "identityTranslation": "enableAndForwardAuthorization"
      }
    },
    {
      "operationId": "helloworld-read-population",
      "security": {
        "type": "identityWithPermission",
        "permission": "external:helloworld:population:read",
        "identityTranslation": "enableAndForwardAuthorization",
        "rateLimit": {
          "ipAddressPerMinuteLimit": 20
        }
      }
    },
    {
      "operationId": "helloworld-read-future",
      "security": {
        "type": "anonymous",
        "identityTranslation": "disabled"
      }
    },
	  {
      "operationId": "helloworld-read-status",
      "security": {
        "type": "anonymous",
        "identityTranslation": "disabled"
      }
    }
  ]
}
