{
    "gateway": "external",
    "version": "1.0",
    "suffix": "hmlr",
    "openApiSpec": "hmlr-order-service.yaml",
    "backends": {
        "bvt": {
            "type": "http",
            "uksUrl": "https://core-bvt-hmlr-order-service-functions-uks.azurewebsites.net/api",
            "ukwUrl": "https://core-bvt-hmlr-order-service-functions-uks.azurewebsites.net/api",
            "appIdUri": "api://eng-core-bvt-hmlr-order-service"
        },
        "uat": {
            "type": "http",
            "uksUrl": "https://core-uat-hmlr-order-service-functions-uks.azurewebsites.net/api",
            "ukwUrl": "https://core-uat-hmlr-order-service-functions-ukw.azurewebsites.net/api",
            "appIdUri": "api://eng-core-uat-hmlr-order-service"
        },
        "prd": {
            "type": "http",
            "uksUrl": "https://core-prd-hmlr-order-service-functions-uks.azurewebsites.net/api",
            "ukwUrl": "https://core-prd-hmlr-order-service-functions-ukw.azurewebsites.net/api",
            "appIdUri": "api://eng-core-prd-hmlr-order-service"
        }
    },
    "monitor": {
        "lbHealth": "mock",
        "health": "serviceProvided",
        "statisticsPrtg": "serviceProvided"
    },
    "operations": [
        {
            "operationId": "hmlr-oc1-callback",
            "security": {
                "type": "identityWithPermission",
                "permission": "external:hmlr:oc1:callback",
                "jwtQueryStringParameter": "access_token",
                "rateLimit": {
                  "jwtPinIdUsageLimit": 5
                }
              }
        },
        {
            "operationId": "hmlr-ovc-callback",
            "security": {
                "type": "identityWithPermission",
                "permission": "external:hmlr:ovc:callback",
                "jwtQueryStringParameter": "access_token",
                "rateLimit": {
                  "jwtPinIdUsageLimit": 5
                }
              }
        }
    ]
}