{
  "version": "1.0",
  "gateway": "internal",
  "suffix": "identities",
  "openApiSpec": "identities.yml",
  "backends": {
    "bvt": {
      "type": "http",
      "uksUrl": "https://core-bvt-internal-account.lmkcloud.net/identities",
      "ukwUrl": "https://core-bvt-internal-account.lmkcloud.net/identities",
      "appIdUri": "api://eng-ea-bvt-group-identity-int-herokuapp"
    },
    "uat": {
      "type": "http",
      "uksUrl": "https://core-uat-internal-account.lmkcloud.net/identities",
      "ukwUrl": "https://core-uat-internal-account.lmkcloud.net/identities",
      "appIdUri": "api://eng-core-uat-identity-aws-internal"
    },
    "prd": {
      "type": "http",
      "uksUrl": "https://core-prd-internal-account.lmkcloud.net/identities",
      "ukwUrl": "https://core-prd-internal-account.lmkcloud.net/identities",
      "appIdUri": "api://eng-core-prd-identity-aws-internal"
    }
  },
  "monitor": {
    "lbHealth": "serviceProvided",
    "health": "serviceProvided",
    "statisticsPrtg": "serviceProvided"
  },
  "operations": [
    {
      "operationId": "identity-translate",
      "security": {
        "type": "identityWithPermission",
        "permission": "internal:identities:translate:read"
      }
    }
  ]
}
