{
    "version": "1.0",
    "gateway": "internal",   
    "suffix": "orders",
    "openApiSpec": "orders.yml",
    "backends": {
      "bvt": {
        "type": "http",
        "uksUrl": "https://lmk-bvt-spoo-httpfunctions-internal.azurewebsites.net/api/orders",
        "ukwUrl": "https://lmk-bvt-spoo-httpfunctions-internal.azurewebsites.net/api/orders",
        "appIdUri": "api://eng-core-bvt-order-functionapp-internal"
      },
      "uat": {
        "type": "http",
        "uksUrl": "https://lmk-uat-spoo-httpfunctions-internal-uks.azurewebsites.net/api/orders",
        "ukwUrl": "https://lmk-uat-spoo-httpfunctions-internal-ukw.azurewebsites.net/api/orders",
        "appIdUri": "api://eng-core-uat-order-functionapp-internal"
      },
      "prd": {
        "type": "http",
        "uksUrl": "https://lmk-prd-spoo-httpfunctions-internal-01.azurewebsites.net/api/orders",
        "ukwUrl": "https://lmk-prd-spoo-httpfunctions-internal-02.azurewebsites.net/api/orders",
        "appIdUri": "api://eng-core-prd-order-functionapp-internal"
      }
    },
    "monitor": {
        "lbHealth": "serviceProvided",
        "health": "serviceProvided",
        "statisticsPrtg": "serviceProvided"
    },
    "operations": [
        {
            "operationId": "order-create",
            "security": {
                "type": "identityWithPermission",
                "permission": "internal:orders:create"
            }
        },
        {
            "operationId": "order-read",
            "security": {
                "type": "identityWithPermission",
                "permission": "internal:orders:read"
            }
        },
        {
            "operationId": "order-orderitem-create",
            "security": {
                "type": "identityWithPermission",
                "permission": "internal:orders:orderItems:create"
            }
        },   
        {
            "operationId": "order-orderitem-results-create",
            "security": {
                "type": "identityWithPermission",
                "permission": "internal:orders:orderItems-results:create"
            }
        },
        {
            "operationId": "order-orderitems-status-set",
            "security": {
                "type": "identityWithPermission",
                "permission": "internal:orders:orderItems-status:replace"
            }
        },
        {
            "operationId": "order-orderRequest-get",
            "security": {
                "type": "identityWithPermission",
                "permission": "internal:orders:order-request:read"
            }
        }
    ]
}
