{
	"gateway": "external",
	"version": "1.0",
	"suffix": "orders",
	"openApiSpec": "orders.yml",
	"backends": {
		"bvt": {
			"type": "http",
			"uksUrl": "https://lmk-bvt-spoo-httpfunctions.azurewebsites.net/api/orders",
			"ukwUrl": "https://lmk-bvt-spoo-httpfunctions.azurewebsites.net/api/orders",
			"appIdUri": "api://eng-core-bvt-order-functionapp-external"
		},
		"uat": {
			"type": "http",
			"uksUrl": "https://lmk-uat-spoo-httpfunctions-uks.azurewebsites.net/api/orders",
			"ukwUrl": "https://lmk-uat-spoo-httpfunctions-ukw.azurewebsites.net/api/orders",
			"appIdUri": "api://eng-core-uat-order-functionapp-external"
		},
		"prd": {
			"type": "http",
			"uksUrl": "https://lmk-prd-spoo-httpfunctions-01.azurewebsites.net/api/orders",
			"ukwUrl": "https://lmk-prd-spoo-httpfunctions-02.azurewebsites.net/api/orders",
			"appIdUri": "api://eng-core-prd-order-functionapp-external"
		}
	},
	"monitor": {
		"lbHealth": "serviceProvided",
		"health": "serviceProvided",
		"statisticsPrtg": "serviceProvided"
	},
	"operations": [
		{
			"operationId": "order-create",
			"security": {
				"type": "identityWithPermission",
				"permission": "external:orders:create",
				"identityTranslation": "enableAndForwardAuthorization"
			}
		},
		{
			"operationId": "order-read",
			"security": {
				"type": "identityWithPermission",
				"permission": "external:orders:read",
				"identityTranslation": "enabled"
			}
		},
		{
			"operationId": "order-orderitem-create",
			"security": {
				"type": "identityWithPermission",
				"permission": "external:orders:orderItems:create",
				"identityTranslation": "enabled"
			}
		}
	]
}