{
    "version": "1.0",
    "gateway": "internal",   
    "suffix": "pinpoint",
    "openApiSpec": "pinpoint.yml",
    "backends": {
      "bvt": {
        "type": "http",
        "uksUrl": "https://core-bvt-pinpoint-functionapp-int-uks.azurewebsites.net/api/pinpoint",
        "ukwUrl": "https://core-bvt-pinpoint-functionapp-int-ukw.azurewebsites.net/api/pinpoint",
        "appIdUri": "api://eng-core-bvt-pinpoint-functionapp-internal"
      },
      "uat": {
        "type": "http",
        "uksUrl": "https://core-uat-pinpoint-functionapp-int-uks.azurewebsites.net/api/pinpoint",
        "ukwUrl": "https://core-uat-pinpoint-functionapp-int-ukw.azurewebsites.net/api/pinpoint",
        "appIdUri": "api://eng-core-uat-pinpoint-functionapp-internal"
      },
      "prd": {
        "type": "http",
        "uksUrl": "https://core-prd-pinpoint-functionapp-int-uks.azurewebsites.net/api/pinpoint",
        "ukwUrl": "https://core-prd-pinpoint-functionapp-int-ukw.azurewebsites.net/api/pinpoint",
        "appIdUri": "api://eng-core-prd-pinpoint-functionapp-internal"
      }
    },
    "monitor": {
        "lbHealth": "serviceProvided",
        "health": "serviceProvided",
        "statisticsPrtg": "serviceProvided"
    },
    "operations": [
        {
            "operationId": "pinpoint-create",
            "security": {
                "type": "identityWithPermission",
                "permission": "internal:pinpoint:create"
            }
        }
    ]
  }