{
    "gateway": "internal",
    "version": "1.0",
    "suffix": "product-orchestration-definitions",
    "openApiSpec": "product-orchestration-definitions.yml",
    "backends": {
        "bvt": {
            "type": "http",
            "uksUrl": "https://core-bvt-pod-functionapp-int-uks.azurewebsites.net/api/productDefinitions",
            "ukwUrl": "https://core-bvt-pod-functionapp-int-ukw.azurewebsites.net/api/productDefinitions",
            "appIdUri": "api://eng-core-bvt-pod-functionapp-internal"
        },
        "uat": {
            "type": "http",
            "uksUrl": "https://core-uat-pod-functionapp-int-uks.azurewebsites.net/api/productDefinitions",
            "ukwUrl": "https://core-uat-pod-functionapp-int-ukw.azurewebsites.net/api/productDefinitions",
            "appIdUri": "api://eng-core-uat-pod-functionapp-internal"
        },
        "prd": {
            "type": "http",
            "uksUrl": "https://core-prd-pod-functionapp-int-uks.azurewebsites.net/api/productDefinitions",
            "ukwUrl": "https://core-prd-pod-functionapp-int-ukw.azurewebsites.net/api/productDefinitions",
            "appIdUri": "api://eng-core-prd-pod-functionapp-internal"
        }
    },
    "monitor": {
        "lbHealth": "serviceProvided",
        "health": "serviceProvided",
        "statisticsPrtg": "serviceProvided"
    },
    "operations": [
        {
            "operationId": "product-orchestration-definitions-list",
            "security": {
                "type": "identityWithPermission",
                "permission": "internal:product-orchestration-definitions:list"
            }
        },
        {
            "operationId": "product-orchestration-definitions-read",
            "security": {
                "type": "identityWithPermission",
                "permission": "internal:product-orchestration-definitions:read"
            }
        }
    ]
}