{
	"gateway": "external",
	"version": "1.0",
	"suffix": "property-risk",
	"openApiSpec": "property-risk.yml",
	"backends": {
		"bvt": {
			"type": "http",
			"uksUrl": "https://lvs-bvt-propertyrisk-functionapp-ext-uks.azurewebsites.net/api/",
			"ukwUrl": "https://lvs-bvt-propertyrisk-functionapp-ext-ukw.azurewebsites.net/api/",
			"appIdUri": "api://eng-lvs-bvt-propertyrisk-functionapp-external"
		}
	},
	"monitor": {
		"lbHealth": "serviceProvided",
		"health": "serviceProvided",
		"statisticsPrtg": "notAvailable"
	},
	"operations": [
		{
			"operationId": "uprn-read",
			"security": {
				"type": "identityNoPermission",
				"identityTranslation": "disabled"
			}
		}
	]
}