{
  "gateway": "external",
  "version": "1.0",
  "suffix": "registration",
  "openApiSpec": "registration.yml",
  "backends": {
    "bvt": {
      "type": "http",
      "uksUrl": "https://lmk-bvt-accounts-api-func-ne.azurewebsites.net/api",
      "ukwUrl": "https://lmk-bvt-accounts-api-func-ne.azurewebsites.net/api",
      "appIdUri": "api://eng-core-bvt-registration-functionapp"
    },
    "uat": {
      "type": "http",
      "uksUrl": "https://lmk-uat-accounts-api-func-ne.azurewebsites.net/api",
      "ukwUrl": "https://lmk-uat-accounts-api-func-we.azurewebsites.net/api",
      "appIdUri": "api://eng-core-uat-registration-functionapp"
    },
    "prd": {
      "type": "http",
      "uksUrl": "https://lmk-prd-accounts-api-func-ne.azurewebsites.net/api",
      "ukwUrl": "https://lmk-prd-accounts-api-func-we.azurewebsites.net/api",
      "appIdUri": "api://eng-core-prd-registration-functionapp"
    }
  },
  "monitor": {
    "lbHealth": "mock",
    "health": "serviceProvided",
    "statisticsPrtg": "notAvailable"
  },
  "operations": [
    {
      "operationId": "accept-invitation",
      "security": {
        "type": "identityNoPermission",
        "identityTranslation": "disabled"
      }
    },
    {
      "operationId": "send-verification-email",
      "security": {
        "type": "identityWithPermission",
        "permission": "external:registration:verification-email:send",
        "identityTranslation": "enableAndForwardAuthorization"
      }
    }
  ]
}
