{
	"gateway": "internal",
	"version": "1.0",
	"suffix": "transactions",
	"openApiSpec": "transactions.yml",
	"backends": {
		"bvt": {
			"type": "http",
			"uksUrl": "https://core-bvt-transaction-functionapp-int-uks.azurewebsites.net/api/transactions",
			"ukwUrl": "https://core-bvt-transaction-functionapp-int-ukw.azurewebsites.net/api/transactions",
			"appIdUri": "api://eng-core-bvt-transaction-functionapp-internal"
		},
		"uat": {
			"type": "http",
			"uksUrl": "https://core-uat-transaction-functionapp-int-uks.azurewebsites.net/api/transactions",
			"ukwUrl": "https://core-uat-transaction-functionapp-int-ukw.azurewebsites.net/api/transactions",
			"appIdUri": "api://eng-core-uat-transaction-functionapp-internal"
		},
		"prd": {
			"type": "http",
			"uksUrl": "https://core-prd-transaction-functionapp-int-uks.azurewebsites.net/api/transactions",
			"ukwUrl": "https://core-prd-transaction-functionapp-int-ukw.azurewebsites.net/api/transactions",
			"appIdUri": "api://eng-core-prd-transaction-functionapp-internal"
		}
	},
	"monitor": {
		"lbHealth": "serviceProvided",
		"health": "serviceProvided",
		"statisticsPrtg": "serviceProvided"
	},
	"operations": [
		{
			"operationId": "transaction-create",
			"security": {
				"type": "identityWithPermission",
				"permission": "internal:transactions:create"
			}
		},
		{
			"operationId": "transaction-list",
			"security": {
				"type": "identityWithPermission",
				"permission": "internal:transactions:list"
			}
		},
		{
			"operationId": "transaction-read",
			"security": {
				"type": "identityWithPermission",
				"permission": "internal:transactions:read"
			}
		},
		{
			"operationId": "transaction-update",
			"security": {
				"type": "identityWithPermission",
				"permission": "internal:transactions:update"
			}
		},
		{
			"operationId": "transaction-association-create",
			"security": {
				"type": "identityWithPermission",
				"permission": "internal:transactions:associations:create"
			}
		},
		{
			"operationId": "transaction-association-update",
			"security": {
				"type": "identityWithPermission",
				"permission": "internal:transactions:associations:update"
			}
		},
		{
			"operationId": "transaction-association-delete",
			"security": {
				"type": "identityWithPermission",
				"permission": "internal:transactions:associations:delete"
			}
		},
		{
			"operationId": "transaction-order-list",
			"security": {
				"type": "identityWithPermission",
				"permission": "internal:transactions:orders:list"
			}
		}
	]
}