{
	"gateway": "external",
	"version": "1.0",
	"suffix": "transactions",
	"openApiSpec": "transactions.yml",
	"backends": {
		"bvt": {
			"type": "http",
			"uksUrl": "https://core-bvt-transaction-functionapp-ext-uks.azurewebsites.net/api/transactions",
			"ukwUrl": "https://core-bvt-transaction-functionapp-ext-ukw.azurewebsites.net/api/transactions",
			"appIdUri": "api://eng-core-bvt-transaction-functionapp-external"
		},
		"uat": {
			"type": "http",
			"uksUrl": "https://core-uat-transaction-functionapp-ext-uks.azurewebsites.net/api/transactions",
			"ukwUrl": "https://core-uat-transaction-functionapp-ext-ukw.azurewebsites.net/api/transactions",
			"appIdUri": "api://eng-core-uat-transaction-functionapp-external"
		},
		"prd": {
			"type": "http",
			"uksUrl": "https://core-prd-transaction-functionapp-ext-uks.azurewebsites.net/api/transactions",
			"ukwUrl": "https://core-prd-transaction-functionapp-ext-ukw.azurewebsites.net/api/transactions",
			"appIdUri": "api://eng-core-prd-transaction-functionapp-external"
		}
	},
	"monitor": {
		"lbHealth": "serviceProvided",
		"health": "serviceProvided",
		"statisticsPrtg": "serviceProvided"
	},
	"operations": [
		{
			"operationId": "transaction-create",
			"security": {
				"type": "identityWithPermission",
				"permission": "external:transactions:create",
                "identityTranslation": "enabled"
			}
		},
		{
			"operationId": "transaction-list",
			"security": {
				"type": "identityWithPermission",
				"permission": "external:transactions:list",
                "identityTranslation": "enabled"
			}
		},
		{
			"operationId": "transaction-read",
			"security": {
				"type": "identityWithPermission",
				"permission": "external:transactions:read",
                "identityTranslation": "enabled"
			}
		},
		{
			"operationId": "transaction-update",
			"security": {
				"type": "identityWithPermission",
				"permission": "external:transactions:update",
                "identityTranslation": "enabled"
			}
		},
		{
			"operationId": "transaction-association-create",
			"security": {
				"type": "identityWithPermission",
				"permission": "external:transactions:associations:create",
                "identityTranslation": "enabled"
			}
		},
		{
			"operationId": "transaction-association-update",
			"security": {
				"type": "identityWithPermission",
				"permission": "external:transactions:associations:update",
                "identityTranslation": "enabled"
			}
		},
		{
			"operationId": "transaction-association-delete",
			"security": {
				"type": "identityWithPermission",
				"permission": "external:transactions:associations:delete",
                "identityTranslation": "enabled"
			}
		},
		{
			"operationId": "transaction-order-list",
			"security": {
				"type": "identityWithPermission",
				"permission": "external:transactions:orders:list",
                "identityTranslation": "enabled"
			}
		}
	]
}